{
  "lobbies": {
    "DYOSVD": {
      "gameId": "DYOSVD",
      "players": [
        {
          "id": 1,
          "name": "a"
        }
      ],
      "maxPlayers": 6,
      "lives": 3,
      "gameStarted": false,
      "gameState": null
    },
    "CR7VB7": {
      "gameId": "CR7VB7",
      "players": [
        {
          "id": 1,
          "name": "a"
        },
        {
          "id": 2,
          "name": "aa"
        }
      ],
      "maxPlayers": 6,
      "lives": 3,
      "gameStarted": false,
      "gameState": null
    },
    "GV77M4": {
      "gameId": "GV77M4",
      "players": [
        {
          "id": 1,
          "name": "a"
        },
        {
          "id": 2,
          "name": "aa"
        }
      ],
      "maxPlayers": 6,
      "lives": 3,
      "gameStarted": true,
      "gameState": {
        "players": [
          1,
          2
        ],
        "player_names": {
          "1": "a",
          "2": "aa"
        },
        "vidas": {
          "1": 3,
          "2": 3
        },
        "estado": "apostas",
        "round": 1,
        "carta_meio": "4♦",
        "manilha": "5",
        "maos": {
          "1": [
            "5♣"
          ],
          "2": [
            "K♣"
          ]
        },
        "palpites": {},
        "mesa": [],
        "vitorias": {
          "1": 0,
          "2": 0
        },
        "ordem_jogada": [
          1,
          2
        ],
        "current_player_idx": 0,
        "cartas": 1,
        "eliminados": []
      }
    },
    "AMQNDC": {
      "gameId": "AMQNDC",
      "players": [
        {
          "id": 1,
          "name": "aa"
        }
      ],
      "maxPlayers": 6,
      "lives": 3,
      "gameStarted": false,
      "gameState": null
    },
    "Y2450R": {
      "gameId": "Y2450R",
      "players": [
        {
          "id": 1,
          "name": "a"
        },
        {
          "id": 2,
          "name": "aa"
        }
      ],
      "maxPlayers": 6,
      "lives": 3,
      "gameStarted": true,
      "gameState": {
        "players": [
          1,
          2
        ],
        "player_names": {
          "1": "a",
          "2": "aa"
        },
        "vidas": {
          "1": 3,
          "2": 3
        },
        "estado": "apostas",
        "round": 1,
        "carta_meio": "Q♠",
        "manilha": "J",
        "maos": {
          "1": [
            "2♣"
          ],
          "2": [
            "A♣"
          ]
        },
        "palpites": {},
        "mesa": [],
        "vitorias": {
          "1": 0,
          "2": 0
        },
        "ordem_jogada": [
          1,
          2
        ],
        "current_player_idx": 0,
        "cartas": 1,
        "eliminados": []
      }
    },
    "5A3HAN": {
      "gameId": "5A3HAN",
      "players": [
        {
          "id": 1,
          "name": "a"
        },
        {
          "id": 2,
          "name": "aa"
        }
      ],
      "maxPlayers": 6,
      "lives": 3,
      "gameStarted": true,
      "gameState": {
        "players": [
          1,
          2
        ],
        "player_names": {
          "1": "a",
          "2": "aa"
        },
        "vidas": {
          "1": 3,
          "2": 3
        },
        "estado": "apostas",
        "round": 1,
        "carta_meio": "J♣",
        "manilha": "K",
        "maos": {
          "1": [
            "2♥"
          ],
          "2": [
            "6♥"
          ]
        },
        "palpites": {},
        "mesa": [],
        "vitorias": {
          "1": 0,
          "2": 0
        },
        "ordem_jogada": [
          1,
          2
        ],
        "current_player_idx": 0,
        "cartas": 1,
        "eliminados": []
      }
    },
    "WG6XY2": {
      "gameId": "WG6XY2",
      "players": [
        {
          "id": 1,
          "name": "a"
        },
        {
          "id": 2,
          "name": "aa"
        }
      ],
      "maxPlayers": 6,
      "lives": 3,
      "gameStarted": true,
      "gameState": {
        "players": [
          1,
          2
        ],
        "player_names": {
          "1": "a",
          "2": "aa"
        },
        "vidas": {
          "1": 3,
          "2": 3
        },
        "estado": "apostas",
        "round": 1,
        "carta_meio": "Q♠",
        "manilha": "J",
        "maos": {
          "1": [
            "4♦"
          ],
          "2": [
            "A♠"
          ]
        },
        "palpites": {},
        "mesa": [],
        "vitorias": {
          "1": 0,
          "2": 0
        },
        "ordem_jogada": [
          1,
          2
        ],
        "current_player_idx": 0,
        "cartas": 1,
        "eliminados": []
      }
    },
    "9J0WEY": {
      "gameId": "9J0WEY",
      "players": [
        {
          "id": 1,
          "name": "a"
        },
        {
          "id": 2,
          "name": "aa"
        }
      ],
      "maxPlayers": 6,
      "lives": 3,
      "gameStarted": true,
      "gameState": {
        "players": [
          1,
          2
        ],
        "player_names": {
          "1": "a",
          "2": "aa"
        },
        "vidas": {
          "1": 3,
          "2": 3
        },
        "estado": "apostas",
        "round": 1,
        "carta_meio": "K♥",
        "manilha": "A",
        "maos": {
          "1": [
            "K♣"
          ],
          "2": [
            "6♣"
          ]
        },
        "palpites": {},
        "mesa": [],
        "vitorias": {
          "1": 0,
          "2": 0
        },
        "ordem_jogada": [
          1,
          2
        ],
        "current_player_idx": 0,
        "cartas": 1,
        "eliminados": []
      }
    },
    "N58B53": {
      "gameId": "N58B53",
      "players": [
        {
          "id": 1,
          "name": "a"
        },
        {
          "id": 2,
          "name": "aa"
        }
      ],
      "maxPlayers": 6,
      "lives": 3,
      "gameStarted": true,
      "gameState": {
        "players": [
          1,
          2
        ],
        "player_names": {
          "1": "a",
          "2": "aa"
        },
        "vidas": {
          "1": 2,
          "2": 2
        },
        "estado": "apostas",
        "round": 1,
        "carta_meio": "4♥",
        "manilha": "5",
        "maos": {
          "1": [
            "Q♥",
            "2♠",
            "J♣"
          ],
          "2": [
            "A♠",
            "K♣",
            "3♥"
          ]
        },
        "palpites": {},
        "mesa": [],
        "vitorias": {
          "1": 0,
          "2": 0
        },
        "ordem_jogada": [
          1,
          2
        ],
        "current_player_idx": 0,
        "cartas": 3,
        "eliminados": [],
        "soma_palpites": 0,
        "multiplicador": 1,
        "current_round": 5,
        "dealer": 2,
        "first_player": 1
      }
    },
    "WIOK3K": {
      "gameId": "WIOK3K",
      "players": [
        {
          "id": 1,
          "name": "milky"
        },
        {
          "id": 2,
          "name": "vini"
        }
      ],
      "maxPlayers": 6,
      "lives": 3,
      "gameStarted": true,
      "gameState": {
        "players": [
          1,
          2
        ],
        "player_names": {
          "1": "milky",
          "2": "vini"
        },
        "vidas": {
          "1": 1,
          "2": 0
        },
        "estado": "terminado",
        "round": 1,
        "carta_meio": "Q♦",
        "manilha": "J",
        "maos": {
          "1": [],
          "2": []
        },
        "palpites": {
          "1": 0,
          "2": 2
        },
        "mesa": [],
        "vitorias": {
          "1": 2,
          "2": 1
        },
        "ordem_jogada": [
          2,
          1
        ],
        "current_player_idx": 0,
        "cartas": 3,
        "eliminados": [
          2
        ],
        "soma_palpites": 2,
        "multiplicador": 1,
        "last_trick_winner": 1,
        "current_round": 5,
        "dealer": 1,
        "first_player": 2
      }
    },
    "7O6PYY": {
      "gameId": "7O6PYY",
      "players": [
        {
          "id": 1,
          "name": "matheus"
        },
        {
          "id": 2,
          "name": "sarah"
        }
      ],
      "maxPlayers": 6,
      "lives": 3,
      "gameStarted": true,
      "gameState": {
        "players": [
          1,
          2
        ],
        "player_names": {
          "1": "matheus",
          "2": "sarah"
        },
        "vidas": {
          "1": 2,
          "2": 3
        },
        "estado": "jogando",
        "round": 1,
        "carta_meio": "Q♥",
        "manilha": "J",
        "maos": {
          "1": [],
          "2": []
        },
        "palpites": {
          "1": 0,
          "2": 1
        },
        "mesa": [
          [
            1,
            "A♦"
          ],
          [
            2,
            "5♠"
          ],
          [
            1,
            "7♠"
          ],
          [
            2,
            "K♦"
          ]
        ],
        "vitorias": {
          "1": 1,
          "2": 0
        },
        "ordem_jogada": [
          1,
          2
        ],
        "current_player_idx": 0,
        "cartas": 2,
        "eliminados": [],
        "soma_palpites": 1,
        "multiplicador": 1,
        "dealer": 2,
        "first_player": 1,
        "current_round": 1,
        "last_trick_winner": 1
      }
    },
    "C92VD8": {
      "gameId": "C92VD8",
      "players": [
        {
          "id": 1,
          "name": "a"
        },
        {
          "id": 2,
          "name": "aa"
        }
      ],
      "maxPlayers": 6,
      "lives": 3,
      "gameStarted": true,
      "gameState": {
        "players": [
          1,
          2
        ],
        "player_names": {
          "1": "a",
          "2": "aa"
        },
        "vidas": {
          "1": 3,
          "2": 2
        },
        "estado": "jogando",
        "round": 1,
        "carta_meio": "5♣",
        "manilha": "6",
        "maos": {
          "1": [],
          "2": []
        },
        "palpites": {
          "1": 0,
          "2": 0
        },
        "mesa": [
          [
            2,
            "Q♦"
          ],
          [
            1,
            "6♣"
          ],
          [
            2,
            "3♦"
          ],
          [
            1,
            "2♥"
          ]
        ],
        "vitorias": {
          "1": 1,
          "2": 0
        },
        "ordem_jogada": [
          2,
          1
        ],
        "current_player_idx": 0,
        "cartas": 2,
        "eliminados": [],
        "soma_palpites": 0,
        "multiplicador": 1,
        "dealer": 1,
        "first_player": 2,
        "current_round": 1,
        "last_trick_winner": 1
      }
    },
    "QQ4B67": {
      "gameId": "QQ4B67",
      "players": [
        {
          "id": 1,
          "name": "aa"
        },
        {
          "id": 2,
          "name": "aaa"
        }
      ],
      "maxPlayers": 6,
      "lives": 3,
      "gameStarted": false,
      "gameState": null
    },
    "SK27VL": {
      "gameId": "SK27VL",
      "players": [
        {
          "id": 1,
          "name": "a"
        },
        {
          "id": 2,
          "name": "aa"
        }
      ],
      "maxPlayers": 6,
      "lives": 3,
      "gameStarted": true,
      "gameState": {
        "players": [
          1,
          2
        ],
        "player_names": {
          "1": "a",
          "2": "aa"
        },
        "vidas": {
          "1": 2,
          "2": 3
        },
        "estado": "round_end_display",
        "round": 1,
        "carta_meio": "5♥",
        "manilha": "6",
        "maos": {
          "1": [],
          "2": []
        },
        "palpites": {
          "1": 0,
          "2": 0
        },
        "mesa": [
          [
            1,
            "3♣"
          ],
          [
            2,
            "4♣"
          ]
        ],
        "vitorias": {
          "1": 1,
          "2": 0
        },
        "ordem_jogada": [
          1,
          2
        ],
        "current_player_idx": 0,
        "cartas": 1,
        "eliminados": [],
        "soma_palpites": 0,
        "round_number": 1,
        "multiplicador": 1,
        "last_trick_winner": 1,
        "round_end_timestamp": 1747590022925
      }
    },
    "3ST819": {
      "gameId": "3ST819",
      "players": [
        {
          "id": 1,
          "name": "a"
        },
        {
          "id": 2,
          "name": "aa"
        }
      ],
      "maxPlayers": 6,
      "lives": 3,
      "gameStarted": true,
      "gameState": {
        "players": [
          1,
          2
        ],
        "player_names": {
          "1": "a",
          "2": "aa"
        },
        "vidas": {
          "1": 3,
          "2": 2
        },
        "estado": "apostas",
        "round": 1,
        "carta_meio": "3♥",
        "manilha": "4",
        "maos": {
          "1": [
            "3♣"
          ],
          "2": [
            "K♣"
          ]
        },
        "palpites": {
          "1": 0
        },
        "mesa": [],
        "vitorias": {
          "1": 0,
          "2": 0
        },
        "ordem_jogada": [
          1,
          2
        ],
        "current_player_idx": 1,
        "cartas": 1,
        "eliminados": [],
        "soma_palpites": 0,
        "multiplicador": 1,
        "last_trick_winner": 2,
        "current_hand": 1,
        "hand_rounds": 1,
        "current_round": 1,
        "dealer": 2,
        "first_player": 1
      }
    },
    "NZZGHD": {
      "gameId": "NZZGHD",
      "players": [
        {
          "id": 1,
          "name": "mat"
        },
        {
          "id": 2,
          "name": "sarah"
        }
      ],
      "maxPlayers": 6,
      "lives": 3,
      "gameStarted": true,
      "gameState": {
        "players": [
          1,
          2
        ],
        "player_names": {
          "1": "mat",
          "2": "sarah"
        },
        "vidas": {
          "1": 2,
          "2": 3
        },
        "estado": "round_over",
        "round": 1,
        "carta_meio": "2♣",
        "manilha": "3",
        "maos": {
          "1": [],
          "2": []
        },
        "palpites": {
          "1": 0,
          "2": 1
        },
        "mesa": [],
        "vitorias": {
          "1": 1,
          "2": 1
        },
        "ordem_jogada": [
          1,
          2
        ],
        "current_player_idx": 1,
        "cartas": 2,
        "eliminados": [],
        "soma_palpites": 1,
        "original_maos": {
          "1": [],
          "2": []
        },
        "multiplicador": 1,
        "last_trick_winner": 2,
        "dealer": 2,
        "first_player": 1,
        "current_hand": 1,
        "current_round": 1,
        "direction": "up"
      }
    },
    "DB4VTA": {
      "gameId": "DB4VTA",
      "players": [
        {
          "id": 1,
          "name": "mat"
        },
        {
          "id": 2,
          "name": "sarah"
        }
      ],
      "maxPlayers": 6,
      "lives": 3,
      "gameStarted": true,
      "gameState": {
        "players": [
          1,
          2
        ],
        "player_names": {
          "1": "mat",
          "2": "sarah"
        },
        "vidas": {
          "1": 3,
          "2": 3
        },
        "estado": "jogando",
        "round": 1,
        "carta_meio": "3♠",
        "manilha": "4",
        "maos": {
          "1": [
            "3♣"
          ],
          "2": [
            "6♥"
          ]
        },
        "palpites": {
          "1": 0,
          "2": 0
        },
        "mesa": [],
        "vitorias": {
          "1": 0,
          "2": 0
        },
        "ordem_jogada": [
          1,
          2
        ],
        "current_player_idx": 0,
        "cartas": 1,
        "eliminados": [],
        "soma_palpites": 0,
        "original_maos": {
          "1": [
            "3♣"
          ],
          "2": [
            "6♥"
          ]
        }
      }
    },
    "UOA4X1": {
      "gameId": "UOA4X1",
      "players": [
        {
          "id": 1,
          "name": "a"
        },
        {
          "id": 2,
          "name": "aa"
        }
      ],
      "maxPlayers": 6,
      "lives": 3,
      "gameStarted": true,
      "gameState": {
        "players": [
          1,
          2
        ],
        "player_names": {
          "1": "a",
          "2": "aa"
        },
        "vidas": {
          "1": 3,
          "2": 2
        },
        "estado": "jogando",
        "round": 1,
        "carta_meio": "J♦",
        "manilha": "K",
        "maos": {
          "1": [
            "5♣"
          ],
          "2": [
            "2♣"
          ]
        },
        "palpites": {
          "1": 0,
          "2": 1
        },
        "mesa": [],
        "vitorias": {
          "1": 1,
          "2": 0
        },
        "ordem_jogada": [
          2,
          1
        ],
        "current_player_idx": 0,
        "cartas": 2,
        "eliminados": [],
        "soma_palpites": 1,
        "original_maos": {
          "1": [],
          "2": []
        },
        "multiplicador": 1,
        "last_trick_winner": 1,
        "dealer": 1,
        "first_player": 2,
        "current_hand": 1,
        "current_round": 1,
        "direction": "up"
      }
    },
    "OS5MA5": {
      "gameId": "OS5MA5",
      "players": [
        {
          "id": 1,
          "name": "a"
        },
        {
          "id": 2,
          "name": "aa"
        }
      ],
      "maxPlayers": 6,
      "lives": 3,
      "gameStarted": true,
      "gameState": {
        "players": [
          1,
          2
        ],
        "player_names": {
          "1": "a",
          "2": "aa"
        },
        "vidas": {
          "1": 2,
          "2": 3
        },
        "estado": "round_over",
        "round": 1,
        "carta_meio": "5♣",
        "manilha": "6",
        "maos": {
          "1": [],
          "2": []
        },
        "palpites": {
          "1": 0,
          "2": 0
        },
        "mesa": [],
        "vitorias": {
          "1": 2,
          "2": 0
        },
        "ordem_jogada": [
          2,
          1
        ],
        "current_player_idx": 0,
        "cartas": 2,
        "eliminados": [],
        "soma_palpites": 0,
        "original_maos": {
          "1": [],
          "2": []
        },
        "multiplicador": 1,
        "last_trick_winner": 1,
        "dealer": 1,
        "first_player": 2,
        "current_hand": 1,
        "current_round": 1,
        "direction": "up"
      }
    },
    "AOLUY1": {
      "gameId": "AOLUY1",
      "players": [
        {
          "id": 1,
          "name": "aa"
        },
        {
          "id": 2,
          "name": "aaa"
        }
      ],
      "maxPlayers": 6,
      "lives": 3,
      "gameStarted": true,
      "gameState": {
        "players": [
          1,
          2
        ],
        "player_names": {
          "1": "aa",
          "2": "aaa"
        },
        "vidas": {
          "1": 2,
          "2": 3
        },
        "estado": "round_over",
        "round": 1,
        "carta_meio": "Q♥",
        "manilha": "J",
        "maos": {
          "1": [],
          "2": []
        },
        "palpites": {
          "1": 0,
          "2": 1
        },
        "mesa": [
          [
            1,
            "Q♦"
          ],
          [
            2,
            "J♣"
          ]
        ],
        "vitorias": {
          "1": 0,
          "2": 2
        },
        "ordem_jogada": [
          2,
          1
        ],
        "current_player_idx": 1,
        "cartas": 2,
        "eliminados": [],
        "soma_palpites": 1,
        "original_maos": {
          "1": [],
          "2": []
        },
        "multiplicador": 1,
        "last_trick_winner": 2,
        "dealer": 1,
        "first_player": 2,
        "current_hand": 1,
        "current_round": 1,
        "direction": "up",
        "round_over_timestamp": 1747597741847
      }
    },
    "D3ZRB2": {
      "gameId": "D3ZRB2",
      "players": [
        {
          "id": 1,
          "name": "a"
        },
        {
          "id": 2,
          "name": "aa"
        }
      ],
      "maxPlayers": 6,
      "lives": 3,
      "gameStarted": true,
      "gameState": {
        "players": [
          1,
          2
        ],
        "player_names": {
          "1": "a",
          "2": "aa"
        },
        "vidas": {
          "1": 2,
          "2": 3
        },
        "estado": "round_over",
        "round": 1,
        "carta_meio": "K♠",
        "manilha": "A",
        "maos": {
          "1": [],
          "2": []
        },
        "palpites": {
          "1": 1,
          "2": 0
        },
        "mesa": [
          [
            2,
            "7♣"
          ],
          [
            1,
            "A♣"
          ]
        ],
        "vitorias": {
          "1": 1,
          "2": 1
        },
        "ordem_jogada": [
          1,
          2
        ],
        "current_player_idx": 1,
        "cartas": 2,
        "eliminados": [],
        "soma_palpites": 1,
        "original_maos": {
          "1": [],
          "2": []
        },
        "multiplicador": 1,
        "last_trick_winner": 1,
        "dealer": 2,
        "first_player": 1,
        "current_hand": 1,
        "current_round": 1,
        "direction": "up",
        "round_over_timestamp": 1747598385379
      }
    },
    "2RE6PC": {
      "gameId": "2RE6PC",
      "players": [
        {
          "id": 1,
          "name": "a"
        }
      ],
      "maxPlayers": 6,
      "lives": 3,
      "gameStarted": false,
      "gameState": null
    },
    "2RTCSE": {
      "gameId": "2RTCSE",
      "players": [
        {
          "id": 1,
          "name": "a"
        },
        {
          "id": 2,
          "name": "aa"
        }
      ],
      "maxPlayers": 6,
      "lives": 3,
      "gameStarted": true,
      "gameState": {
        "players": [
          1,
          2
        ],
        "player_names": {
          "1": "a",
          "2": "aa"
        },
        "vidas": {
          "1": 2,
          "2": 3
        },
        "estado": "round_over",
        "round": 1,
        "carta_meio": "6♣",
        "manilha": "7",
        "maos": {
          "1": [],
          "2": []
        },
        "palpites": {
          "1": 1,
          "2": 0
        },
        "mesa": [
          [
            1,
            "3♥"
          ],
          [
            2,
            "A♦"
          ]
        ],
        "vitorias": {
          "1": 2,
          "2": 0
        },
        "ordem_jogada": [
          1,
          2
        ],
        "current_player_idx": 0,
        "cartas": 2,
        "eliminados": [],
        "soma_palpites": 1,
        "original_maos": {
          "1": [],
          "2": []
        },
        "multiplicador": 1,
        "last_trick_winner": 1,
        "dealer": 2,
        "first_player": 1,
        "current_hand": 1,
        "current_round": 1,
        "direction": "up",
        "round_over_timestamp": 1747598486223
      }
    },
    "JGPERW": {
      "gameId": "JGPERW",
      "players": [
        {
          "id": 1,
          "name": "matheus"
        },
        {
          "id": 2,
          "name": "sarah"
        }
      ],
      "maxPlayers": 6,
      "lives": 3,
      "gameStarted": true,
      "gameState": {
        "players": [
          1,
          2
        ],
        "player_names": {
          "1": "matheus",
          "2": "sarah"
        },
        "vidas": {
          "1": 2,
          "2": 3
        },
        "estado": "round_over",
        "round": 1,
        "carta_meio": "Q♣",
        "manilha": "J",
        "maos": {
          "1": [],
          "2": []
        },
        "palpites": {
          "1": 0,
          "2": 1
        },
        "mesa": [
          [
            1,
            "J♣"
          ],
          [
            2,
            "A♥"
          ]
        ],
        "vitorias": {
          "1": 1,
          "2": 1
        },
        "ordem_jogada": [
          2,
          1
        ],
        "current_player_idx": 1,
        "cartas": 2,
        "eliminados": [],
        "soma_palpites": 1,
        "original_maos": {
          "1": [],
          "2": []
        },
        "multiplicador": 1,
        "last_trick_winner": 1,
        "dealer": 1,
        "first_player": 2,
        "current_hand": 1,
        "current_round": 1,
        "direction": "up",
        "round_over_timestamp": 1747598982660
      }
    },
    "39L79H": {
      "gameId": "39L79H",
      "players": [
        {
          "id": 1,
          "name": "a"
        },
        {
          "id": 2,
          "name": "aa"
        }
      ],
      "maxPlayers": 6,
      "lives": 3,
      "gameStarted": true,
      "gameState": {
        "players": [
          1,
          2
        ],
        "player_names": {
          "1": "a",
          "2": "aa"
        },
        "vidas": {
          "1": 2,
          "2": 3
        },
        "estado": "round_over",
        "round": 1,
        "carta_meio": "J♥",
        "manilha": "K",
        "maos": {
          "1": [],
          "2": []
        },
        "palpites": {
          "1": 0,
          "2": 1
        },
        "mesa": [
          [
            2,
            "A♥"
          ],
          [
            1,
            "7♠"
          ]
        ],
        "vitorias": {
          "1": 0,
          "2": 2
        },
        "ordem_jogada": [
          1,
          2
        ],
        "current_player_idx": 1,
        "cartas": 2,
        "eliminados": [],
        "soma_palpites": 1,
        "original_maos": {
          "1": [],
          "2": []
        },
        "multiplicador": 1,
        "last_trick_winner": 2,
        "dealer": 2,
        "first_player": 1,
        "current_hand": 1,
        "current_round": 1,
        "direction": "up",
        "round_over_timestamp": 1747599107065
      }
    },
    "OTE199": {
      "gameId": "OTE199",
      "players": [
        {
          "id": 1,
          "name": "a"
        },
        {
          "id": 2,
          "name": "aa"
        }
      ],
      "maxPlayers": 6,
      "lives": 3,
      "gameStarted": true,
      "gameState": {
        "players": [
          1,
          2
        ],
        "player_names": {
          "1": "a",
          "2": "aa"
        },
        "vidas": {
          "1": 3,
          "2": 2
        },
        "estado": "round_over",
        "round": 1,
        "carta_meio": "5♦",
        "manilha": "6",
        "maos": {
          "1": [],
          "2": []
        },
        "palpites": {
          "1": 1,
          "2": 0
        },
        "mesa": [
          [
            1,
            "6♦"
          ],
          [
            2,
            "2♠"
          ]
        ],
        "vitorias": {
          "1": 2,
          "2": 0
        },
        "ordem_jogada": [
          1,
          2
        ],
        "current_player_idx": 0,
        "cartas": 2,
        "eliminados": [],
        "soma_palpites": 1,
        "original_maos": {
          "1": [],
          "2": []
        },
        "multiplicador": 1,
        "last_trick_winner": 1,
        "hand_results": {
          "palpites": {
            "1": 0,
            "2": 0
          },
          "vitorias": {
            "1": 0,
            "2": 1
          },
          "vidas": {
            "1": 3,
            "2": 2
          }
        },
        "dealer": 2,
        "first_player": 1,
        "current_hand": 1,
        "current_round": 1,
        "direction": "up",
        "round_over_timestamp": 1747599763988
      }
    },
    "3HANCZ": {
      "gameId": "3HANCZ",
      "players": [
        {
          "id": 1,
          "name": "mat"
        },
        {
          "id": 2,
          "name": "vini"
        }
      ],
      "maxPlayers": 6,
      "lives": 3,
      "gameStarted": true,
      "gameState": {
        "players": [
          1,
          2
        ],
        "player_names": {
          "1": "mat",
          "2": "vini"
        },
        "vidas": {
          "1": 2,
          "2": 3
        },
        "estado": "round_over",
        "round": 1,
        "carta_meio": "4♠",
        "manilha": "5",
        "maos": {
          "1": [],
          "2": []
        },
        "palpites": {
          "1": 1,
          "2": 0
        },
        "mesa": [
          [
            1,
            "A♠"
          ],
          [
            2,
            "5♦"
          ]
        ],
        "vitorias": {
          "1": 1,
          "2": 1
        },
        "ordem_jogada": [
          1,
          2
        ],
        "current_player_idx": 0,
        "cartas": 2,
        "eliminados": [],
        "soma_palpites": 1,
        "original_maos": {
          "1": [],
          "2": []
        },
        "multiplicador": 1,
        "last_trick_winner": 2,
        "hand_results": {
          "palpites": {
            "1": 0,
            "2": 0
          },
          "vitorias": {
            "1": 1,
            "2": 0
          },
          "vidas": {
            "1": 2,
            "2": 3
          }
        },
        "dealer": 2,
        "first_player": 1,
        "current_hand": 1,
        "current_round": 1,
        "direction": "up",
        "round_over_timestamp": 1747599933538
      }
    },
    "IWYWT5": {
      "gameId": "IWYWT5",
      "players": [
        {
          "id": 1,
          "name": "a"
        },
        {
          "id": 2,
          "name": "aa"
        }
      ],
      "maxPlayers": 6,
      "lives": 3,
      "gameStarted": true,
      "gameState": {
        "players": [
          1,
          2
        ],
        "player_names": {
          "1": "a",
          "2": "aa"
        },
        "vidas": {
          "1": 2,
          "2": 3
        },
        "estado": "round_over",
        "round": 1,
        "carta_meio": "A♦",
        "manilha": "2",
        "maos": {
          "1": [],
          "2": []
        },
        "palpites": {
          "1": 2,
          "2": 1
        },
        "mesa": [
          [
            2,
            "3♦"
          ],
          [
            1,
            "Q♠"
          ]
        ],
        "vitorias": {
          "1": 1,
          "2": 1
        },
        "ordem_jogada": [
          2,
          1
        ],
        "current_player_idx": 0,
        "cartas": 2,
        "eliminados": [],
        "soma_palpites": 3,
        "original_maos": {
          "1": [],
          "2": []
        },
        "multiplicador": 1,
        "last_trick_winner": 2,
        "hand_results": {
          "palpites": {
            "1": 0,
            "2": 0
          },
          "vitorias": {
            "1": 1,
            "2": 0
          },
          "vidas": {
            "1": 2,
            "2": 3
          }
        },
        "dealer": 1,
        "first_player": 2,
        "current_hand": 1,
        "current_round": 1,
        "direction": "up",
        "round_over_timestamp": 1747600984295
      }
    },
    "FBP1BG": {
      "gameId": "FBP1BG",
      "players": [
        {
          "id": 1,
          "name": "a"
        },
        {
          "id": 2,
          "name": "aa"
        }
      ],
      "maxPlayers": 6,
      "lives": 3,
      "gameStarted": true,
      "gameState": {
        "players": [
          1,
          2
        ],
        "player_names": {
          "1": "a",
          "2": "aa"
        },
        "vidas": {
          "1": 2,
          "2": 3
        },
        "estado": "apostas",
        "round": 1,
        "carta_meio": "J♠",
        "manilha": "K",
        "maos": {
          "1": [
            "Q♣",
            "K♣"
          ],
          "2": [
            "A♠",
            "4♦"
          ]
        },
        "palpites": {},
        "mesa": [],
        "vitorias": {
          "1": 0,
          "2": 0
        },
        "ordem_jogada": [
          1,
          2
        ],
        "current_player_idx": 0,
        "cartas": 2,
        "eliminados": [],
        "soma_palpites": 0,
        "original_maos": {
          "1": [],
          "2": []
        },
        "multiplicador": 1,
        "last_trick_winner": 1,
        "hand_results": {
          "palpites": {
            "1": 0,
            "2": 0
          },
          "vitorias": {
            "1": 1,
            "2": 0
          },
          "vidas": {
            "1": 2,
            "2": 3
          }
        },
        "dealer": 2,
        "first_player": 1,
        "current_hand": 1,
        "current_round": 1,
        "direction": "up"
      }
    },
    "LX5PEU": {
      "gameId": "LX5PEU",
      "players": [
        {
          "id": 1,
          "name": "a"
        },
        {
          "id": 2,
          "name": "aa"
        }
      ],
      "maxPlayers": 6,
      "lives": 3,
      "gameStarted": true,
      "gameState": {
        "players": [
          1,
          2
        ],
        "player_names": {
          "1": "a",
          "2": "aa"
        },
        "vidas": {
          "1": 2,
          "2": 3
        },
        "estado": "aguardando",
        "round": 1,
        "carta_meio": "3♠",
        "manilha": "4",
        "maos": {
          "1": [],
          "2": []
        },
        "palpites": {
          "1": 0,
          "2": 0
        },
        "mesa": [
          [
            1,
            "4♣"
          ],
          [
            2,
            "5♣"
          ]
        ],
        "vitorias": {
          "1": 1,
          "2": 0
        },
        "ordem_jogada": [
          1,
          2
        ],
        "current_player_idx": 0,
        "cartas": 1,
        "eliminados": [],
        "soma_palpites": 0,
        "original_maos": {
          "1": [],
          "2": []
        },
        "multiplicador": 1,
        "last_trick_winner": 1,
        "hand_results": {
          "palpites": {
            "1": 0,
            "2": 0
          },
          "vitorias": {
            "1": 1,
            "2": 0
          },
          "vidas": {
            "1": 2,
            "2": 3
          }
        }
      }
    },
    "9IMDAG": {
      "gameId": "9IMDAG",
      "players": [
        {
          "id": 1,
          "name": "a"
        }
      ],
      "maxPlayers": 6,
      "lives": 3,
      "gameStarted": false,
      "gameState": null
    },
    "3344QN": {
      "gameId": "3344QN",
      "players": [
        {
          "id": 1,
          "name": "a"
        },
        {
          "id": 2,
          "name": "aa"
        }
      ],
      "maxPlayers": 6,
      "lives": 3,
      "gameStarted": true,
      "gameState": {
        "players": [
          1,
          2
        ],
        "player_names": {
          "1": "a",
          "2": "aa"
        },
        "vidas": {
          "1": 3,
          "2": 2
        },
        "estado": "round_over",
        "round": 1,
        "carta_meio": "A♥",
        "manilha": "2",
        "maos": {
          "1": [],
          "2": []
        },
        "palpites": {
          "1": 2,
          "2": 1
        },
        "mesa": [
          [
            2,
            "Q♠"
          ],
          [
            1,
            "K♣"
          ]
        ],
        "vitorias": {
          "1": 2,
          "2": 0
        },
        "ordem_jogada": [
          2,
          1
        ],
        "current_player_idx": 0,
        "cartas": 2,
        "eliminados": [],
        "soma_palpites": 3,
        "original_maos": {
          "1": [],
          "2": []
        },
        "multiplicador": 1,
        "last_trick_winner": 1,
        "hand_results": {
          "palpites": {
            "1": 0,
            "2": 0
          },
          "vitorias": {
            "1": 0,
            "2": 1
          },
          "vidas": {
            "1": 3,
            "2": 2
          }
        },
        "dealer": 1,
        "first_player": 2,
        "current_hand": 1,
        "current_round": 1,
        "direction": "up",
        "round_over_timestamp": 1747602405406
      }
    },
    "5FEHBT": {
      "gameId": "5FEHBT",
      "players": [
        {
          "id": 1,
          "name": "a"
        },
        {
          "id": 2,
          "name": "aa"
        }
      ],
      "maxPlayers": 6,
      "lives": 3,
      "gameStarted": true,
      "gameState": {
        "players": [
          1,
          2
        ],
        "player_names": {
          "1": "a",
          "2": "aa"
        },
        "vidas": {
          "1": 2,
          "2": 3
        },
        "estado": "round_over",
        "round": 1,
        "carta_meio": "5♥",
        "manilha": "6",
        "maos": {
          "1": [],
          "2": []
        },
        "palpites": {
          "1": 0,
          "2": 1
        },
        "mesa": [
          [
            1,
            "2♠"
          ],
          [
            2,
            "3♠"
          ]
        ],
        "vitorias": {
          "1": 0,
          "2": 2
        },
        "ordem_jogada": [
          2,
          1
        ],
        "current_player_idx": 1,
        "cartas": 2,
        "eliminados": [],
        "soma_palpites": 1,
        "original_maos": {
          "1": [],
          "2": []
        },
        "multiplicador": 1,
        "last_trick_winner": 2,
        "hand_results": {
          "palpites": {
            "1": 0,
            "2": 0
          },
          "vitorias": {
            "1": 1,
            "2": 0
          },
          "vidas": {
            "1": 2,
            "2": 3
          }
        },
        "dealer": 1,
        "first_player": 2,
        "current_hand": 1,
        "current_round": 1,
        "direction": "up",
        "round_over_timestamp": 1747603150315
      }
    },
    "KXZCGX": {
      "gameId": "KXZCGX",
      "players": [
        {
          "id": 1,
          "name": "a"
        },
        {
          "id": 2,
          "name": "aa"
        }
      ],
      "maxPlayers": 6,
      "lives": 3,
      "gameStarted": true,
      "gameState": {
        "players": [
          1,
          2
        ],
        "player_names": {
          "1": "a",
          "2": "aa"
        },
        "vidas": {
          "1": 2,
          "2": 3
        },
        "estado": "round_over",
        "round": 1,
        "carta_meio": "Q♣",
        "manilha": "J",
        "maos": {
          "1": [],
          "2": []
        },
        "palpites": {
          "1": 0,
          "2": 0
        },
        "mesa": [
          [
            1,
            "J♥"
          ],
          [
            2,
            "J♦"
          ]
        ],
        "vitorias": {
          "1": 2,
          "2": 0
        },
        "ordem_jogada": [
          1,
          2
        ],
        "current_player_idx": 0,
        "cartas": 2,
        "eliminados": [],
        "soma_palpites": 0,
        "original_maos": {
          "1": [],
          "2": []
        },
        "multiplicador": 1,
        "last_trick_winner": 1,
        "hand_results": {
          "palpites": {
            "1": 0,
            "2": 0
          },
          "vitorias": {
            "1": 1,
            "2": 0
          },
          "vidas": {
            "1": 2,
            "2": 3
          }
        },
        "dealer": 2,
        "first_player": 1,
        "current_hand": 1,
        "current_round": 1,
        "direction": "up",
        "round_over_timestamp": 1747603214761
      }
    },
    "BTB7GE": {
      "gameId": "BTB7GE",
      "players": [
        {
          "id": 1,
          "name": "a"
        },
        {
          "id": 2,
          "name": "aa"
        }
      ],
      "maxPlayers": 6,
      "lives": 3,
      "gameStarted": false,
      "gameState": null
    },
    "QSC7GM": {
      "gameId": "QSC7GM",
      "players": [
        {
          "id": 1,
          "name": "a"
        },
        {
          "id": 2,
          "name": "aa"
        }
      ],
      "maxPlayers": 6,
      "lives": 3,
      "gameStarted": true,
      "gameState": {
        "players": [
          1,
          2
        ],
        "player_names": {
          "1": "a",
          "2": "aa"
        },
        "vidas": {
          "1": 3,
          "2": 2
        },
        "estado": "jogando",
        "round": 1,
        "carta_meio": "J♠",
        "manilha": "K",
        "maos": {
          "1": [
            "7♣"
          ],
          "2": [
            "7♠"
          ]
        },
        "palpites": {
          "1": 0,
          "2": 0
        },
        "mesa": [],
        "vitorias": {
          "1": 0,
          "2": 1
        },
        "ordem_jogada": [
          2,
          1
        ],
        "current_player_idx": 1,
        "cartas": 2,
        "eliminados": [],
        "soma_palpites": 0,
        "original_maos": {
          "1": [],
          "2": []
        },
        "multiplicador": 1,
        "last_trick_winner": 2,
        "hand_results": {
          "palpites": {
            "1": 0,
            "2": 0
          },
          "vitorias": {
            "1": 0,
            "2": 1
          },
          "vidas": {
            "1": 3,
            "2": 2
          }
        },
        "dealer": 1,
        "first_player": 2,
        "current_hand": 1,
        "current_round": 1,
        "direction": "up"
      }
    },
    "H0R4I3": {
      "gameId": "H0R4I3",
      "players": [
        {
          "id": 1,
          "name": "a"
        },
        {
          "id": 2,
          "name": "aa"
        }
      ],
      "maxPlayers": 6,
      "lives": 3,
      "gameStarted": true,
      "gameState": {
        "players": [
          1,
          2
        ],
        "player_names": {
          "1": "a",
          "2": "aa"
        },
        "vidas": {
          "1": 3,
          "2": 2
        },
        "estado": "round_over",
        "round": 1,
        "carta_meio": "6♠",
        "manilha": "7",
        "maos": {
          "1": [],
          "2": []
        },
        "palpites": {
          "1": 2,
          "2": 1
        },
        "mesa": [
          [
            2,
            "3♠"
          ],
          [
            1,
            "2♦"
          ]
        ],
        "vitorias": {
          "1": 1,
          "2": 1
        },
        "ordem_jogada": [
          2,
          1
        ],
        "current_player_idx": 0,
        "cartas": 2,
        "eliminados": [],
        "soma_palpites": 3,
        "original_maos": {
          "1": [],
          "2": []
        },
        "multiplicador": 1,
        "last_round_winner": 2,
        "last_trick_winner": 2,
        "dealer": 1,
        "first_player": 2,
        "current_hand": 1,
        "current_round": 1,
        "direction": "up",
        "round_over_timestamp": 1747604174631
      }
    },
    "TALR17": {
      "gameId": "TALR17",
      "players": [
        {
          "id": 1,
          "name": "a"
        },
        {
          "id": 2,
          "name": "aa"
        }
      ],
      "maxPlayers": 6,
      "lives": 3,
      "gameStarted": true,
      "gameState": {
        "players": [
          1,
          2
        ],
        "player_names": {
          "1": "a",
          "2": "aa"
        },
        "vidas": {
          "1": 2,
          "2": 3
        },
        "estado": "round_over",
        "round": 1,
        "carta_meio": "6♠",
        "manilha": "7",
        "maos": {
          "1": [],
          "2": []
        },
        "palpites": {
          "1": 0,
          "2": 1
        },
        "mesa": [
          [
            2,
            "J♠"
          ],
          [
            1,
            "A♠"
          ]
        ],
        "vitorias": {
          "1": 1,
          "2": 1
        },
        "ordem_jogada": [
          1,
          2
        ],
        "current_player_idx": 1,
        "cartas": 2,
        "eliminados": [],
        "soma_palpites": 1,
        "original_maos": {
          "1": [],
          "2": []
        },
        "multiplicador": 1,
        "last_round_winner": 1,
        "last_trick_winner": 1,
        "dealer": 2,
        "first_player": 1,
        "current_hand": 1,
        "current_round": 1,
        "direction": "up",
        "round_over_timestamp": 1747604515919
      }
    },
    "49IDB6": {
      "gameId": "49IDB6",
      "players": [
        {
          "id": 1,
          "name": "a"
        },
        {
          "id": 2,
          "name": "aa"
        }
      ],
      "maxPlayers": 6,
      "lives": 3,
      "gameStarted": true,
      "gameState": {
        "players": [
          1,
          2
        ],
        "player_names": {
          "1": "a",
          "2": "aa"
        },
        "vidas": {
          "1": 3,
          "2": 2
        },
        "estado": "round_over",
        "round": 1,
        "carta_meio": "K♣",
        "manilha": "A",
        "maos": {
          "1": [
            "7♦"
          ],
          "2": [
            "J♣"
          ]
        },
        "palpites": {
          "1": 0,
          "2": 1
        },
        "mesa": [
          [
            1,
            "4♥"
          ],
          [
            2,
            "7♥"
          ]
        ],
        "vitorias": {
          "1": 0,
          "2": 1
        },
        "ordem_jogada": [
          1,
          2
        ],
        "current_player_idx": 0,
        "cartas": 2,
        "eliminados": [],
        "soma_palpites": 1,
        "original_maos": {
          "1": [],
          "2": []
        },
        "cards_played_this_round": 0,
        "multiplicador": 1,
        "last_round_winner": 2,
        "last_trick_winner": 2,
        "dealer": 2,
        "first_player": 1,
        "current_hand": 1,
        "current_round": 1,
        "direction": "up",
        "round_over_timestamp": 1747605092250
      }
    },
    "SVHERH": {
      "gameId": "SVHERH",
      "players": [
        {
          "id": 1,
          "name": "a"
        },
        {
          "id": 2,
          "name": "aa"
        }
      ],
      "maxPlayers": 6,
      "lives": 3,
      "gameStarted": true,
      "gameState": {
        "players": [
          1,
          2
        ],
        "player_names": {
          "1": "a",
          "2": "aa"
        },
        "vidas": {
          "1": 2,
          "2": 1
        },
        "estado": "apostas",
        "round": 1,
        "carta_meio": "4♣",
        "manilha": "5",
        "maos": {
          "1": [
            "3♣",
            "3♠",
            "6♣",
            "A♦"
          ],
          "2": [
            "K♥",
            "J♣",
            "J♠",
            "K♣"
          ]
        },
        "palpites": {},
        "mesa": [],
        "vitorias": {
          "1": 0,
          "2": 0
        },
        "ordem_jogada": [
          1,
          2
        ],
        "current_player_idx": 0,
        "cartas": 4,
        "eliminados": [],
        "soma_palpites": 0,
        "original_maos": {
          "1": [],
          "2": []
        },
        "cards_played_this_round": 0,
        "multiplicador": 1,
        "last_round_winner": 1,
        "last_trick_winner": 1,
        "dealer": 2,
        "first_player": 1,
        "current_hand": 3,
        "current_round": 1,
        "direction": "up"
      }
    },
    "JOT2RZ": {
      "gameId": "JOT2RZ",
      "players": [
        {
          "id": 1,
          "name": "a"
        },
        {
          "id": 2,
          "name": "aa"
        }
      ],
      "maxPlayers": 6,
      "lives": 3,
      "gameStarted": true,
      "gameState": {
        "players": [
          1,
          2
        ],
        "player_names": {
          "1": "a",
          "2": "aa"
        },
        "vidas": {
          "1": 1,
          "2": 3
        },
        "estado": "jogando",
        "round": 1,
        "carta_meio": "Q♣",
        "manilha": "J",
        "maos": {
          "1": [],
          "2": []
        },
        "palpites": {
          "1": 1,
          "2": 1
        },
        "mesa": [],
        "vitorias": {
          "1": 0,
          "2": 3
        },
        "ordem_jogada": [
          2,
          1
        ],
        "current_player_idx": 0,
        "cartas": 3,
        "eliminados": [],
        "soma_palpites": 2,
        "original_maos": {
          "1": [],
          "2": []
        },
        "cards_played_this_round": 0,
        "multiplicador": 1,
        "dealer": 1,
        "first_player": 2,
        "current_hand": 2,
        "current_round": 3,
        "direction": "up",
        "last_round_winner": 2,
        "last_trick_winner": 2
      }
    },
    "DEMGRE": {
      "gameId": "DEMGRE",
      "players": [
        {
          "id": 1,
          "name": "a"
        },
        {
          "id": 2,
          "name": "aa"
        }
      ],
      "maxPlayers": 6,
      "lives": 3,
      "gameStarted": true,
      "gameState": {
        "players": [
          1,
          2
        ],
        "player_names": {
          "1": "a",
          "2": "aa"
        },
        "vidas": {
          "1": 2,
          "2": 1
        },
        "estado": "apostas",
        "round": 1,
        "carta_meio": "3♠",
        "manilha": "4",
        "maos": {
          "1": [
            "5♥",
            "K♠",
            "K♣",
            "6♣"
          ],
          "2": [
            "4♠",
            "Q♠",
            "6♠",
            "7♣"
          ]
        },
        "palpites": {},
        "mesa": [],
        "vitorias": {
          "1": 0,
          "2": 0
        },
        "ordem_jogada": [
          2,
          1
        ],
        "current_player_idx": 0,
        "cartas": 4,
        "eliminados": [],
        "soma_palpites": 0,
        "original_maos": {
          "1": [],
          "2": []
        },
        "cards_played_this_round": 0,
        "tie_in_previous_round": false,
        "multiplicador": 1,
        "last_round_winner": 1,
        "last_trick_winner": 1,
        "dealer": 1,
        "first_player": 2,
        "current_hand": 3,
        "current_round": 1,
        "direction": "up"
      }
    },
    "LU7X8V": {
      "gameId": "LU7X8V",
      "players": [
        {
          "id": 1,
          "name": "a"
        },
        {
          "id": 2,
          "name": "aa"
        }
      ],
      "maxPlayers": 6,
      "lives": 3,
      "gameStarted": true,
      "gameState": {
        "players": [
          1,
          2
        ],
        "player_names": {
          "1": "a",
          "2": "aa"
        },
        "vidas": {
          "1": 0,
          "2": 3
        },
        "estado": "terminado",
        "round": 1,
        "carta_meio": "6♥",
        "manilha": "7",
        "maos": {
          "1": [],
          "2": []
        },
        "palpites": {
          "1": 0,
          "2": 0
        },
        "mesa": [
          [
            1,
            "K♠"
          ],
          [
            2,
            "J♠"
          ]
        ],
        "vitorias": {
          "1": 2,
          "2": 0
        },
        "ordem_jogada": [
          1,
          2
        ],
        "current_player_idx": 0,
        "cartas": 2,
        "eliminados": [
          1
        ],
        "soma_palpites": 0,
        "original_maos": {
          "1": [],
          "2": []
        },
        "cards_played_this_round": 0,
        "tie_in_previous_round": false,
        "multiplicador": 1,
        "last_round_winner": 1,
        "last_trick_winner": 1,
        "dealer": 2,
        "first_player": 1,
        "current_hand": 1,
        "current_round": 2,
        "direction": "up"
      }
    },
    "WHAVAM": {
      "gameId": "WHAVAM",
      "players": [
        {
          "id": 1,
          "name": "a"
        },
        {
          "id": 2,
          "name": "aa"
        }
      ],
      "maxPlayers": 6,
      "lives": 3,
      "gameStarted": true,
      "gameState": {
        "players": [
          1,
          2
        ],
        "player_names": {
          "1": "a",
          "2": "aa"
        },
        "vidas": {
          "1": 2,
          "2": 1
        },
        "estado": "jogando",
        "round": 1,
        "carta_meio": "5♥",
        "manilha": "6",
        "maos": {
          "1": [
            "2♦",
            "7♥",
            "6♠"
          ],
          "2": [
            "Q♦",
            "K♣",
            "A♠"
          ]
        },
        "palpites": {
          "1": 2,
          "2": 1
        },
        "mesa": [],
        "vitorias": {
          "1": 0,
          "2": 0
        },
        "ordem_jogada": [
          2,
          1
        ],
        "current_player_idx": 0,
        "cartas": 4,
        "eliminados": [],
        "soma_palpites": 3,
        "original_maos": {
          "1": [],
          "2": []
        },
        "cards_played_this_round": 0,
        "tie_in_previous_round": true,
        "multiplicador": 2,
        "last_round_winner": 2,
        "last_trick_winner": 2,
        "dealer": 2,
        "first_player": 2,
        "current_hand": 3,
        "current_round": 2,
        "direction": "up"
      }
    },
    "J1ZDNC": {
      "gameId": "J1ZDNC",
      "players": [
        {
          "id": 1,
          "name": "a"
        },
        {
          "id": 2,
          "name": "aa"
        }
      ],
      "maxPlayers": 6,
      "lives": 3,
      "gameStarted": true,
      "gameState": {
        "players": [
          1,
          2
        ],
        "player_names": {
          "1": "a",
          "2": "aa"
        },
        "vidas": {
          "1": 1,
          "2": 3
        },
        "estado": "apostas",
        "round": 1,
        "carta_meio": "5♦",
        "manilha": "6",
        "maos": {
          "1": [
            "A♣",
            "3♣",
            "5♣"
          ],
          "2": [
            "K♠",
            "4♥",
            "4♦"
          ]
        },
        "palpites": {},
        "mesa": [],
        "vitorias": {
          "1": 0,
          "2": 0
        },
        "ordem_jogada": [
          2,
          1
        ],
        "current_player_idx": 0,
        "cartas": 3,
        "eliminados": [],
        "soma_palpites": 0,
        "original_maos": {
          "1": [],
          "2": []
        },
        "cards_played_this_round": 0,
        "tie_in_previous_round": false,
        "multiplicador": 1,
        "last_round_winner": 1,
        "last_trick_winner": 1,
        "dealer": 1,
        "first_player": 2,
        "current_hand": 2,
        "current_round": 1,
        "direction": "up"
      }
    },
    "NGD64C": {
      "gameId": "NGD64C",
      "players": [
        {
          "id": 1,
          "name": "aa"
        }
      ],
      "maxPlayers": 6,
      "lives": 3,
      "gameStarted": false,
      "gameState": null
    },
    "X2X0U1": {
      "gameId": "X2X0U1",
      "players": [
        {
          "id": 1,
          "name": "a"
        },
        {
          "id": 2,
          "name": "aa"
        }
      ],
      "maxPlayers": 6,
      "lives": 3,
      "gameStarted": true,
      "gameState": {
        "players": [
          1,
          2
        ],
        "player_names": {
          "1": "a",
          "2": "aa"
        },
        "vidas": {
          "1": -1,
          "2": 3
        },
        "estado": "terminado",
        "round": 1,
        "carta_meio": "6♣",
        "manilha": "7",
        "maos": {
          "1": [],
          "2": []
        },
        "palpites": {
          "1": 1,
          "2": 0
        },
        "mesa": [
          [
            1,
            "K♦"
          ],
          [
            2,
            "4♦"
          ]
        ],
        "vitorias": {
          "1": 3,
          "2": 0
        },
        "ordem_jogada": [
          1,
          2
        ],
        "current_player_idx": 0,
        "cartas": 3,
        "eliminados": [
          1
        ],
        "soma_palpites": 1,
        "original_maos": {
          "1": [],
          "2": []
        },
        "cards_played_this_round": 0,
        "tie_in_previous_round": false,
        "multiplicador": 1,
        "last_round_winner": 1,
        "last_trick_winner": 1,
        "dealer": 2,
        "first_player": 1,
        "current_hand": 2,
        "current_round": 3,
        "direction": "up"
      }
    },
    "XR6E92": {
      "gameId": "XR6E92",
      "players": [
        {
          "id": 1,
          "name": "a"
        },
        {
          "id": 2,
          "name": "aa"
        }
      ],
      "maxPlayers": 6,
      "lives": 3,
      "gameStarted": true,
      "gameState": {
        "players": [
          1,
          2
        ],
        "player_names": {
          "1": "a",
          "2": "aa"
        },
        "vidas": {
          "1": 0,
          "2": 2
        },
        "estado": "terminado",
        "round": 1,
        "carta_meio": "Q♠",
        "manilha": "J",
        "maos": {
          "1": [],
          "2": []
        },
        "palpites": {
          "1": 1,
          "2": 2
        },
        "mesa": [
          [
            1,
            "A♠"
          ],
          [
            2,
            "J♣"
          ]
        ],
        "vitorias": {
          "1": 2,
          "2": 2
        },
        "ordem_jogada": [
          1,
          2
        ],
        "current_player_idx": 0,
        "cartas": 4,
        "eliminados": [
          1
        ],
        "soma_palpites": 3,
        "original_maos": {
          "1": [],
          "2": []
        },
        "cards_played_this_round": 0,
        "tie_in_previous_round": false,
        "multiplicador": 1,
        "last_round_winner": 2,
        "last_trick_winner": 2,
        "dealer": 2,
        "first_player": 1,
        "current_hand": 3,
        "current_round": 4,
        "direction": "up"
      }
    },
    "MIR0ZV": {
      "gameId": "MIR0ZV",
      "players": [
        {
          "id": 1,
          "name": "a"
        },
        {
          "id": 2,
          "name": "aa"
        }
      ],
      "maxPlayers": 6,
      "lives": 3,
      "gameStarted": true,
      "gameState": {
        "players": [
          1,
          2
        ],
        "player_names": {
          "1": "a",
          "2": "aa"
        },
        "vidas": {
          "1": 1,
          "2": 0
        },
        "estado": "terminado",
        "round": 1,
        "carta_meio": "A♠",
        "manilha": "2",
        "maos": {
          "1": [],
          "2": []
        },
        "palpites": {
          "1": 1,
          "2": 1
        },
        "mesa": [
          [
            2,
            "5♣"
          ],
          [
            1,
            "5♠"
          ]
        ],
        "vitorias": {
          "1": 0,
          "2": 3
        },
        "ordem_jogada": [
          2,
          1
        ],
        "current_player_idx": 0,
        "cartas": 3,
        "eliminados": [
          2
        ],
        "soma_palpites": 2,
        "original_maos": {
          "1": [],
          "2": []
        },
        "cards_played_this_round": 0,
        "tie_in_previous_round": false,
        "multiplicador": 1,
        "last_round_winner": 2,
        "last_trick_winner": 2,
        "dealer": 1,
        "first_player": 2,
        "current_hand": 2,
        "current_round": 3,
        "direction": "up"
      }
    },
    "P2X3ML": {
      "gameId": "P2X3ML",
      "players": [
        {
          "id": 1,
          "name": "a"
        },
        {
          "id": 2,
          "name": "aa"
        }
      ],
      "maxPlayers": 6,
      "lives": 3,
      "gameStarted": true,
      "gameState": {
        "players": [
          1,
          2
        ],
        "player_names": {
          "1": "a",
          "2": "aa"
        },
        "vidas": {
          "1": 3,
          "2": 3
        },
        "estado": "apostas",
        "round": 1,
        "carta_meio": "4♥",
        "manilha": "5",
        "maos": {
          "1": [
            "4♠"
          ],
          "2": [
            "4♣"
          ]
        },
        "palpites": {},
        "mesa": [],
        "vitorias": {
          "1": 0,
          "2": 0
        },
        "ordem_jogada": [
          1,
          2
        ],
        "current_player_idx": 0,
        "cartas": 1,
        "eliminados": []
      }
    }
  }
}